<?xml version="1.0" encoding="UTF-8"?><cabinet xmlns:xsi="http://www.w3.org/2001/XMLSchema-instance" xmlns="http://www.ujf-grenoble.fr/l3miage/cabinet" xsi:schemaLocation="http://www.ujf-grenoble.fr/l3miage/cabinet/../schema/cabinet.xsd">
    <nom>Soins à Grenoble</nom>
    <adresse>
        <numéro>36</numéro>
        <rue>mail Marcel Cachin</rue>
        <ville>Fontaine</ville>
        <codePostal>38600</codePostal>
    </adresse>
    <infirmiers>
        <infirmier id="001">
            <nom>Versaire</nom>
            <prénom>Annie</prénom>
            <photo>homer1.gif</photo>
            <adresse>
                <numéro>50</numéro>
                <rue>route de Grenoble</rue>
                <ville>Vizille</ville>
                <codePostal>38220</codePostal>
            </adresse>
        </infirmier>
        <infirmier id="002">
            <nom>Cent</nom>
            <prénom>Sally</prénom>
            <photo>lisa111.gif</photo>
            <adresse>
                <numéro>1</numéro>
                <rue>Avenue de Verdun</rue>
                <ville>Voiron</ville>
                <codePostal>38500</codePostal>
            </adresse>
        </infirmier>
        <infirmier id="003">
            <nom>Nouie</nom>
            <prénom>Eva</prénom>
            <photo>maggie111.gif</photo>
            <adresse>
                <numéro>10</numéro>
                <rue>Lotissement de la plaine</rue>
                <ville>Le Versoud</ville>
                <codePostal>38420</codePostal>
            </adresse>
        </infirmier>
    </infirmiers>
    <patients>
        <patient><nom>Aire</nom><prénom>Axel</prénom><numéro>193061305545319</numéro><sexe>M</sexe><naissance>1993-02-14</naissance><visite date="2014-12-08" intervenant="003"/><adresse><étage>4</étage><numéro>43</numéro><rue>avenue Félix Viallet</rue><ville>Grenoble</ville><codePostal>38031</codePostal></adresse></patient>
        <patient><nom>Orouge</nom><prénom>Elvire</prénom><numéro>280036902305219</numéro><sexe>M</sexe><naissance>1980-03-08</naissance><visite date="2014-12-08"/><adresse><étage>NC</étage><numéro>NC</numéro><rue>Rond-Point de la Croix de Vie</rue><ville>La Tronche</ville><codePostal>38700</codePostal></adresse></patient>
        <patient><nom>Aire</nom><prénom>Pien</prénom><numéro>175107306569267</numéro><sexe>A</sexe><naissance>1975-10-24</naissance><visite date="2014-12-08" intervenant=""/><adresse><étage>NC</étage><numéro>12</numéro><rue>rue Casimir Brenier</rue><ville>Grenoble</ville><codePostal>38000</codePostal></adresse></patient>
        <patient>
            <nom>Xavier</nom>
            <prénom>Kapoëtla</prénom>
            <sexe>M</sexe>
            <naissance>2010-08-02</naissance>
            <!-- Garçon (4 ans) né en août 2010 en France, à Bordeaux (n° 63 dans la Gironde)
            35e naissance (clé calculée: 70)-->
            <numéro>110083306303570</numéro>
            <adresse>
                <numéro>25</numéro>
                <rue>rue des Martyrs</rue>
                <ville>Grenoble</ville>
                <codePostal>38042</codePostal>
            </adresse>
                <!--
                Le jeune Xavier est en cours de désensibilation alergique.
                Il doit recevoir tous les jours, l'injection de plusieurs allergènes, etc.
                -->
                <visite date="2014-12-08" intervenant="">
                    <acte id="111"/>
                </visite>

        </patient>
        <patient><nom>Peplu</nom><prénom>Jean</prénom><numéro>110082516002010</numéro><sexe>F</sexe><naissance>1910-08-02</naissance><visite date="2014-12-08" intervenant="003"/><adresse><étage>NC</étage><numéro>655</numéro><rue>Avenue de l'Europe</rue><ville>Montbonnot-Saint-Martin</ville><codePostal>38330</codePostal></adresse></patient>
        <patient><nom>Nomie</nom><prénom>Toto</prénom><numéro>undefined</numéro><sexe>A</sexe><naissance>1264-59-23</naissance><visite date="2014-12-08"/><adresse><étage>NC</étage><numéro>2</numéro><rue>random adresse</rue><ville>valence</ville><codePostal>42752</codePostal></adresse></patient><patient><nom>logie</nom><prénom>toto</prénom><numéro>0123456789</numéro><sexe>A</sexe><naissance>1996-04-30</naissance><visite date="2014-12-08" intervenant=""/><adresse><étage>2</étage><numéro>6</numéro><rue>Place de la République</rue><ville>Saint Martind'Herès</ville><codePostal>38400</codePostal></adresse></patient><patient><nom>logie</nom><prénom>tata</prénom><numéro>01234567891011</numéro><sexe>A</sexe><naissance>1996-04-30</naissance><visite date="2014-12-08" intervenant="001"/><adresse><étage>2</étage><numéro>6</numéro><rue>Place de la République</rue><ville>Saint Martind'Herès</ville><codePostal>38400</codePostal></adresse></patient><patient><nom>zzz</nom><prénom>aaa</prénom><numéro>12234564687</numéro><sexe>F</sexe><naissance>1234-15-45</naissance><visite date="2014-12-08"/><adresse><étage>45</étage><numéro>5</numéro><rue>sqd</rue><ville>sqdrf</ville><codePostal>45612</codePostal></adresse></patient><patient><nom>qdz</nom><prénom>dqzd</prénom><numéro>qdzqd</numéro><sexe>F</sexe><naissance>dqzdq</naissance><visite date="2014-12-08"/><adresse><étage>qdz</étage><numéro>dqz</numéro><rue>qdz</rue><ville>dqzqz</ville><codePostal>033</codePostal></adresse></patient></patients>
    </cabinet>